{
  "controller/SalesOrderCreation-dbg.controller.js": 1738660365718,
  "controller/App.controller.js": 1738056066939,
  "model/models.js": 1737971248000,
  "controller/SalesOrderCreation.controller.js": 1738660365718,
  "controller/ProductionTrackingDashboard.controller.js": 1738056066939,
  "controller/Home.controller.js": 1738056066939,
  "utils/HelperFunction.js": 1738056144731,
  "manifest.json": 1738660782725,
  "Component.js": 1738143527568,
  "model/models-dbg.js": 1737971248000,
  "model/models.js.map": 1738660782872,
  "controller/App-dbg.controller.js": 1738056066939,
  "controller/App.controller.js.map": 1738660782871,
  "i18n/i18n.properties": 1738068534765,
  "controller/SalesOrderCreation.controller.js.map": 1738660782909,
  "controller/ProductionTrackingDashboard-dbg.controller.js": 1738056066939,
  "controller/ProductionTrackingDashboard.controller.js.map": 1738660782894,
  "controller/Home-dbg.controller.js": 1738056066939,
  "controller/Home.controller.js.map": 1738660782876,
  "utils/HelperFunction-dbg.js": 1738056144731,
  "utils/HelperFunction.js.map": 1738660782890,
  "Component-dbg.js": 1738143527568,
  "Component.js.map": 1738660782878,
  "Component-preload.js": 1738660783154,
  "Component-preload.js.map": 1738660783155,
  "view/SalesOrderCreation.view.xml": 1738660192686,
  "view/ProductionTrackingDashboard.view.xml": 1738649989391,
  "view/Home.view.xml": 1738650210500,
  "view/App.view.xml": 1738055732520,
  "fragments/sodistchannel.fragment.xml": 1738055981767,
  "fragments/soType.fragment.xml": 1738055981767,
  "fragments/soSalesOrg.fragment.xml": 1738055981767,
  "fragments/soPlant.fragment.xml": 1738055981767,
  "fragments/soDivision.fragment.xml": 1738055981767,
  "fragments/soCustomer.fragment.xml": 1738659787477,
  "fragments/ocCodeValueHelp.fragment.xml": 1738055981767,
  "fragments/batchCodeValueHelp.fragment.xml": 1738056016631,
  "fragments/ICsListValueHelp.fragment.xml": 1738055981767,
  "css/style.css": 1738648690104,
  "images/image.png": 1738049737794,
  "index.html": 1737971248000
}