{
  "fragments/batchCodeValueHelp.fragment.xml": 1738056016631,
  "controller/Home.controller.js": 1738056066939,
  "model/models.js": 1737971248000,
  "controller/SalesOrderCreation.controller.js": 1738066436959,
  "controller/ProductionTrackingDashboard.controller.js": 1738056066939,
  "utils/HelperFunction.js": 1738056144731,
  "controller/App.controller.js": 1738056066939,
  "manifest.json": 1738143548054,
  "Component.js": 1738143527568,
  "controller/App-dbg.controller.js": 1738056066939,
  "controller/App.controller.js.map": 1738143548234,
  "model/models-dbg.js": 1737971248000,
  "model/models.js.map": 1738143548235,
  "controller/SalesOrderCreation-dbg.controller.js": 1738066436959,
  "controller/SalesOrderCreation.controller.js.map": 1738143548270,
  "controller/ProductionTrackingDashboard-dbg.controller.js": 1738056066939,
  "controller/ProductionTrackingDashboard.controller.js.map": 1738143548257,
  "utils/HelperFunction-dbg.js": 1738056144731,
  "utils/HelperFunction.js.map": 1738143548251,
  "controller/Home-dbg.controller.js": 1738056066939,
  "controller/Home.controller.js.map": 1738143548239,
  "Component-dbg.js": 1738143527568,
  "Component.js.map": 1738143548244,
  "Component-preload.js": 1738143548534,
  "Component-preload.js.map": 1738143548534,
  "view/SalesOrderCreation.view.xml": 1738064253649,
  "view/ProductionTrackingDashboard.view.xml": 1738143236344,
  "view/Home.view.xml": 1738055785011,
  "view/App.view.xml": 1738055732520,
  "fragments/sodistchannel.fragment.xml": 1738055981767,
  "fragments/soType.fragment.xml": 1738055981767,
  "fragments/soSalesOrg.fragment.xml": 1738055981767,
  "fragments/soPlant.fragment.xml": 1738055981767,
  "fragments/soDivision.fragment.xml": 1738055981767,
  "fragments/soCustomer.fragment.xml": 1738055981767,
  "fragments/ocCodeValueHelp.fragment.xml": 1738055981767,
  "i18n/i18n.properties": 1738068534765,
  "fragments/ICsListValueHelp.fragment.xml": 1738055981767,
  "css/style.css": 1738056181963,
  "images/image.png": 1738049737794,
  "index.html": 1737971248000
}