{
  "Component-dbg.js": 1738143527568,
  "Component.js": 1738143527568,
  "model/models.js": 1737971248000,
  "controller/SalesOrderCreation.controller.js": 1739088264316,
  "controller/ProductionTrackingDashboard.controller.js": 1738916399501,
  "controller/Home.controller.js": 1738056066939,
  "controller/App.controller.js": 1738056066939,
  "manifest.json": 1739164174406,
  "utils/HelperFunction.js": 1739022775308,
  "controller/ProductionTrackingDashboard-dbg.controller.js": 1738916399501,
  "controller/ProductionTrackingDashboard.controller.js.map": 1739164174573,
  "model/models-dbg.js": 1737971248000,
  "model/models.js.map": 1739164174551,
  "controller/SalesOrderCreation-dbg.controller.js": 1739088264316,
  "controller/SalesOrderCreation.controller.js.map": 1739164174605,
  "i18n/i18n.properties": 1738068534765,
  "Component.js.map": 1739164174553,
  "controller/Home-dbg.controller.js": 1738056066939,
  "controller/Home.controller.js.map": 1739164174554,
  "controller/App-dbg.controller.js": 1738056066939,
  "controller/App.controller.js.map": 1739164174554,
  "utils/HelperFunction-dbg.js": 1739022775308,
  "utils/HelperFunction.js.map": 1739164174570,
  "Component-preload.js": 1739164174854,
  "Component-preload.js.map": 1739164174854,
  "view/SalesOrderCreation.view.xml": 1738933306927,
  "view/ProductionTrackingDashboard.view.xml": 1738917612143,
  "view/Home.view.xml": 1738818105362,
  "view/App.view.xml": 1738055732520,
  "fragments/sodistchannel.fragment.xml": 1738822197365,
  "fragments/soType.fragment.xml": 1738821289834,
  "fragments/soSalesOrg.fragment.xml": 1738822197365,
  "fragments/soPlant.fragment.xml": 1738932478746,
  "fragments/soDivision.fragment.xml": 1738822197365,
  "fragments/soCustomer.fragment.xml": 1738822197365,
  "fragments/ocCodeValueHelp.fragment.xml": 1738913239154,
  "fragments/batchCodeValueHelp.fragment.xml": 1738821849171,
  "fragments/ICsListValueHelp.fragment.xml": 1738822197365,
  "images/image.png": 1738049737794,
  "css/style.css": 1738648690104,
  "index.html": 1737971248000
}