{
  "view/App.view.xml": 1738055732520,
  "model/models.js": 1737971248000,
  "utils/HelperFunction.js": 1738917794540,
  "controller/SalesOrderCreation.controller.js": 1738826512714,
  "controller/ProductionTrackingDashboard.controller.js": 1738916399501,
  "controller/Home.controller.js": 1738056066939,
  "controller/App.controller.js": 1738056066939,
  "manifest.json": 1738918821036,
  "Component.js": 1738143527568,
  "controller/Home-dbg.controller.js": 1738056066939,
  "controller/Home.controller.js.map": 1738918821241,
  "utils/HelperFunction-dbg.js": 1738917794540,
  "utils/HelperFunction.js.map": 1738918821253,
  "controller/SalesOrderCreation-dbg.controller.js": 1738826512714,
  "controller/SalesOrderCreation.controller.js.map": 1738918821275,
  "controller/ProductionTrackingDashboard-dbg.controller.js": 1738916399501,
  "controller/ProductionTrackingDashboard.controller.js.map": 1738918821264,
  "model/models-dbg.js": 1737971248000,
  "model/models.js.map": 1738918821244,
  "controller/App-dbg.controller.js": 1738056066939,
  "controller/App.controller.js.map": 1738918821245,
  "Component-dbg.js": 1738143527568,
  "Component.js.map": 1738918821248,
  "Component-preload.js": 1738918821528,
  "Component-preload.js.map": 1738918821528,
  "view/SalesOrderCreation.view.xml": 1738747563001,
  "view/ProductionTrackingDashboard.view.xml": 1738917612143,
  "view/Home.view.xml": 1738818105362,
  "i18n/i18n.properties": 1738068534765,
  "fragments/sodistchannel.fragment.xml": 1738822197365,
  "fragments/soType.fragment.xml": 1738821289834,
  "fragments/soSalesOrg.fragment.xml": 1738822197365,
  "fragments/soPlant.fragment.xml": 1738822197365,
  "fragments/soDivision.fragment.xml": 1738822197365,
  "fragments/soCustomer.fragment.xml": 1738822197365,
  "fragments/ocCodeValueHelp.fragment.xml": 1738913239154,
  "fragments/batchCodeValueHelp.fragment.xml": 1738821849171,
  "fragments/ICsListValueHelp.fragment.xml": 1738822197365,
  "images/image.png": 1738049737794,
  "css/style.css": 1738648690104,
  "index.html": 1737971248000
}